,open,high,low,close,adjclose,volume,ticker,adjclose_10,true_adjclose_10,buy_profit,sell_profit
2015-09-24,34.0,34.06999969482422,33.380001068115234,33.90999984741211,33.90999984741211,6544500,PYPL,35.789787,31.670000076293945,-2.239999771118164,0.0
2015-09-25,34.599998474121094,34.689998626708984,33.5,33.77000045776367,33.77000045776367,6566800,PYPL,36.046257,32.060001373291016,-1.7099990844726562,0.0
2015-09-30,31.200000762939453,31.280000686645508,30.639999389648438,31.040000915527344,31.040000915527344,13672000,PYPL,31.668032,34.04999923706055,3.009998321533203,0.0
2015-10-07,32.310001373291016,32.47100067138672,31.520000457763672,32.380001068115234,32.380001068115234,6969600,PYPL,34.124058,33.83000183105469,1.4500007629394531,0.0
2015-10-16,34.75,35.04999923706055,33.95000076293945,34.290000915527344,34.290000915527344,5390700,PYPL,34.98593,36.0099983215332,1.7199974060058594,0.0
2015-10-27,36.38999938964844,36.39400100708008,35.310001373291016,35.939998626708984,35.939998626708984,8502400,PYPL,36.08004,37.0,1.0600013732910156,0.0
2015-10-29,34.72999954223633,36.5,34.5,35.90999984741211,35.90999984741211,25137300,PYPL,35.490147,35.56999969482422,0.0,0.3400001525878906
2015-11-13,35.18000030517578,35.5,34.5,34.529998779296875,34.529998779296875,7364400,PYPL,39.10948,35.2599983215332,0.7299995422363281,0.0
2015-11-17,35.88999938964844,36.45000076293945,35.709999084472656,36.209999084472656,36.209999084472656,7344900,PYPL,39.615776,35.150001525878906,-1.05999755859375,0.0
2015-11-18,36.31999969482422,36.95000076293945,35.78499984741211,36.220001220703125,36.220001220703125,8323100,PYPL,39.12427,34.22999954223633,-1.9900016784667969,0.0
2015-12-11,35.150001525878906,35.32600021362305,34.41999816894531,34.689998626708984,34.689998626708984,8309200,PYPL,36.41759,36.61000061035156,1.9200019836425781,0.0
2015-12-14,34.61000061035156,35.222999572753906,34.33000183105469,35.0099983215332,35.0099983215332,5784400,PYPL,36.295788,37.08000183105468,2.0700035095214773,0.0
2015-12-17,36.0,36.58000183105469,35.5099983215332,35.540000915527344,35.540000915527344,6454100,PYPL,36.915657,34.75,-0.7900009155273438,0.0
2015-12-18,35.349998474121094,35.7599983215332,34.72999954223633,34.97999954223633,34.97999954223633,13745900,PYPL,36.36158,34.310001373291016,-0.6699981689453125,0.0
2015-12-30,37.06999969482422,37.25,36.459999084472656,36.47999954223633,36.47999954223633,4106700,PYPL,38.244698,32.869998931884766,-3.6100006103515625,0.0
2016-01-12,33.349998474121094,33.56999969482422,32.65999984741211,33.08000183105469,33.08000183105469,7854000,PYPL,34.331062,31.59000015258789,-1.4900016784667969,0.0
2016-01-29,34.4900016784668,36.2599983215332,34.36000061035156,36.13999938964844,36.13999938964844,21201100,PYPL,34.350273,34.29999923706055,0.0,1.8400001525878906
2016-02-04,36.65999984741211,37.28499984741211,36.540000915527344,37.16999816894531,37.16999816894531,10212300,PYPL,42.017666,35.7599983215332,-1.4099998474121094,0.0
2016-02-09,32.79999923706055,33.858001708984375,31.639999389648438,32.70000076293945,32.70000076293945,16439200,PYPL,36.918335,36.470001220703125,3.770000457763672,0.0
2016-03-03,38.959999084472656,39.2400016784668,38.62900161743164,39.02000045776367,39.02000045776367,7656900,PYPL,40.12855,39.93000030517578,0.9099998474121094,0.0
2016-03-04,38.77000045776367,39.70000076293945,38.755001068115234,39.040000915527344,39.040000915527344,7200100,PYPL,41.456966,39.40999984741211,0.3699989318847656,0.0
2016-03-10,38.65999984741211,39.29999923706055,37.47999954223633,38.4900016784668,38.4900016784668,7655700,PYPL,39.713078,38.91999816894531,0.4299964904785156,0.0
2016-04-04,39.36000061035156,39.380001068115234,38.40999984741211,38.790000915527344,38.790000915527344,5381300,PYPL,39.987103,39.63999938964844,0.8499984741210938,0.0
2016-04-11,38.33000183105469,38.81999969482422,38.029998779296875,38.060001373291016,38.060001373291016,5428900,PYPL,38.60749,39.81999969482422,1.7599983215332031,0.0
2016-04-15,38.689998626708984,38.95000076293945,38.290000915527344,38.58000183105469,38.58000183105469,5239600,PYPL,39.514404,39.18000030517578,0.5999984741210938,0.0
2016-04-21,40.20000076293945,40.54999923706055,40.013999938964844,40.099998474121094,40.099998474121094,5539400,PYPL,40.756104,38.95000076293945,-1.1499977111816406,0.0
2016-05-09,39.41999816894531,40.18000030517578,39.33000183105469,39.619998931884766,39.619998931884766,5861000,PYPL,41.4558,38.06999969482422,-1.5499992370605469,0.0
2016-05-11,39.56999969482422,40.31399917602539,39.56999969482422,39.709999084472656,39.709999084472656,5995500,PYPL,41.628063,38.7599983215332,-0.9500007629394531,0.0
2016-05-27,38.0,38.345001220703125,37.91999816894531,38.09000015258789,38.09000015258789,5863600,PYPL,41.432213,36.540000915527344,-1.5499992370605469,0.0
2016-06-03,38.439998626708984,38.59000015258789,37.8129997253418,38.33000183105469,38.33000183105469,4986000,PYPL,39.90064,36.970001220703125,-1.3600006103515625,0.0
2016-06-06,38.470001220703125,38.4900016784668,37.97999954223633,38.099998474121094,38.099998474121094,5065900,PYPL,39.751774,36.86000061035156,-1.2399978637695312,0.0
2016-06-10,36.83000183105469,37.04999923706055,36.619998931884766,36.77000045776367,36.77000045776367,7741400,PYPL,37.166443,35.08000183105469,-1.6899986267089844,0.0
2016-06-16,36.619998931884766,37.040000915527344,36.349998474121094,36.970001220703125,36.970001220703125,6106000,PYPL,38.16436,36.5099983215332,-0.4600028991699219,0.0
2016-06-21,36.79999923706055,36.79999923706055,35.95000076293945,36.15999984741211,36.15999984741211,12816100,PYPL,37.93973,35.93000030517578,-0.22999954223632812,0.0
2016-06-27,34.7400016784668,34.7599983215332,34.0,34.20000076293945,34.20000076293945,11195800,PYPL,36.085247,38.790000915527344,4.590000152587891,0.0
2016-07-06,35.939998626708984,36.16999816894531,35.71500015258789,35.93000030517578,35.93000030517578,7821300,PYPL,39.28414,40.04999923706055,4.119998931884766,0.0
2016-07-21,40.33000183105469,40.33000183105469,39.650001525878906,40.130001068115234,40.130001068115234,13363300,PYPL,40.304916,37.299999237060554,-2.8300018310546804,0.0
2016-07-28,37.400001525878906,37.68000030517578,37.10100173950195,37.220001220703125,37.220001220703125,5111300,PYPL,42.331406,38.459999084472656,1.2399978637695312,0.0
2016-08-03,36.59000015258789,36.7400016784668,36.279998779296875,36.58000183105469,36.58000183105469,7663800,PYPL,38.96295,38.13999938964844,1.55999755859375,0.0
2016-08-19,38.02000045776367,38.18000030517578,37.89500045776367,38.09000015258789,38.09000015258789,5107900,PYPL,38.599377,37.06999969482422,-1.0200004577636719,0.0
2016-08-31,37.0,37.2400016784668,36.84000015258789,37.150001525878906,37.150001525878906,7166300,PYPL,37.820217,40.83000183105469,3.6800003051757812,0.0
2016-09-02,37.0099983215332,37.125,36.29999923706055,37.06999969482422,37.06999969482422,6726900,PYPL,37.278202,40.0099983215332,2.9399986267089844,0.0
2016-09-15,40.310001373291016,41.13999938964844,39.869998931884766,40.83000183105469,40.83000183105469,12702800,PYPL,41.744328,40.38999938964844,-0.44000244140625,0.0
2016-09-21,39.86000061035156,40.38999938964844,39.70000076293945,40.290000915527344,40.290000915527344,5378400,PYPL,43.891552,40.439998626708984,0.14999771118164062,0.0
2016-10-04,41.29999923706055,41.29999923706055,40.439998626708984,40.779998779296875,40.779998779296875,5046600,PYPL,41.65862,39.83000183105469,-0.9499969482421875,0.0
2016-10-05,40.95000076293945,40.95000076293945,40.400001525878906,40.439998626708984,40.439998626708984,6128200,PYPL,41.826694,40.24000167846679,-0.1999969482421946,0.0
2016-10-10,40.130001068115234,40.16999816894531,39.59000015258789,39.86000061035156,39.86000061035156,6636700,PYPL,40.798332,43.869998931884766,4.009998321533203,0.0
2016-10-18,40.0,40.18000030517578,39.779998779296875,39.83000183105469,39.83000183105469,5475900,PYPL,40.912773,41.540000915527344,1.7099990844726562,0.0
2016-10-27,42.54999923706055,42.56999969482422,41.62099838256836,41.689998626708984,41.689998626708984,9447300,PYPL,47.833603,40.45000076293945,-1.2399978637695312,0.0
2016-11-03,41.31999969482422,41.5,40.91999816894531,41.189998626708984,41.189998626708984,6239900,PYPL,43.540215,39.880001068115234,-1.30999755859375,0.0
2016-11-07,41.52000045776367,41.650001525878906,41.060001373291016,41.279998779296875,41.279998779296875,7904900,PYPL,42.074528,40.630001068115234,-0.6499977111816406,0.0
2016-11-25,40.400001525878906,40.560001373291016,39.9900016784668,40.2599983215332,40.2599983215332,2324300,PYPL,43.756336,39.650001525878906,-0.6099967956542969,0.0
2016-11-29,40.06999969482422,40.36000061035156,39.790000915527344,39.88999938964844,39.88999938964844,5083700,PYPL,42.16034,39.43000030517578,-0.45999908447265625,0.0
2016-12-01,39.560001373291016,39.68000030517578,38.18000030517578,38.34000015258789,38.34000015258789,11265600,PYPL,39.137737,39.540000915527344,1.2000007629394531,0.0
2016-12-08,39.68000030517578,40.0,39.45000076293945,39.61000061035156,39.61000061035156,6102600,PYPL,39.820694,39.68000030517578,0.06999969482421875,0.0
2016-12-16,39.900001525878906,39.900001525878906,39.119998931884766,39.31999969482422,39.31999969482422,9786300,PYPL,39.87714,40.25,0.9300003051757812,0.0
2016-12-19,39.400001525878906,39.79999923706055,39.11000061035156,39.439998626708984,39.439998626708984,4268600,PYPL,40.009583,41.0,1.5600013732910156,0.0
2016-12-20,39.61000061035156,39.7400016784668,39.2599983215332,39.7400016784668,39.7400016784668,3637200,PYPL,40.444004,41.060001373291016,1.3199996948242188,0.0
2017-01-03,40.290000915527344,40.97999954223633,40.0,40.25,40.25,8247400,PYPL,40.266933,41.349998474121094,1.0999984741210938,0.0
2017-01-17,41.599998474121094,41.709999084472656,41.20000076293945,41.27000045776367,41.27000045776367,5932900,PYPL,42.555202,39.779998779296875,-1.4900016784667969,0.0
2017-01-20,41.38999938964844,41.720001220703125,41.29999923706055,41.689998626708984,41.689998626708984,6868500,PYPL,41.99382,39.59000015258789,-2.0999984741210938,0.0
2017-01-25,42.36000061035156,42.439998626708984,41.65999984741211,41.709999084472656,41.709999084472656,8604000,PYPL,42.406628,40.880001068115234,-0.8299980163574219,0.0
2017-01-26,42.36000061035156,42.5,41.28499984741211,41.5,41.5,11838100,PYPL,42.300713,40.83000183105469,-0.6699981689453125,0.0
2017-01-27,41.0,41.20000076293945,39.91999816894531,40.27000045776367,40.27000045776367,22749200,PYPL,40.782562,40.58000183105469,0.3100013732910156,0.0
2017-02-01,39.959999084472656,40.0,39.11000061035156,39.310001373291016,39.310001373291016,8860400,PYPL,42.15981,41.869998931884766,2.55999755859375,0.0
2017-02-08,40.18000030517578,40.9900016784668,39.91999816894531,40.880001068115234,40.880001068115234,7399000,PYPL,42.654877,42.529998779296875,1.6499977111816406,0.0
2017-02-23,42.369998931884766,42.66999816894531,42.15999984741211,42.529998779296875,42.529998779296875,5456300,PYPL,43.411385,42.91999816894531,0.3899993896484375,0.0
2017-03-02,42.400001525878906,42.86000061035156,42.20000076293945,42.77000045776367,42.77000045776367,4572300,PYPL,43.13217,42.400001525878906,-0.3699989318847656,0.0
2017-03-03,42.70000076293945,43.040000915527344,42.58000183105469,43.029998779296875,43.029998779296875,4214400,PYPL,43.530056,43.08000183105469,0.0500030517578125,0.0
2017-03-08,42.84000015258789,43.18000030517578,42.720001220703125,42.790000915527344,42.790000915527344,4573900,PYPL,43.98262,43.189998626708984,0.3999977111816406,0.0
2017-03-14,42.5099983215332,42.63999938964844,41.7400016784668,42.099998474121094,42.099998474121094,5888000,PYPL,43.32424,43.150001525878906,1.0500030517578125,0.0
2017-03-21,43.33000183105469,43.400001525878906,42.459999084472656,42.63999938964844,42.63999938964844,7758400,PYPL,43.30197,42.720001220703125,0.0800018310546875,0.0
2017-03-28,42.869998931884766,43.25,42.84000015258789,43.150001525878906,43.150001525878906,4396500,PYPL,45.159496,42.689998626708984,-0.4600028991699219,0.0
2017-03-29,43.150001525878906,43.29999923706055,42.959999084472656,43.2400016784668,43.2400016784668,3951100,PYPL,45.10601,42.4900016784668,-0.75,0.0
2017-03-30,43.150001525878906,43.79999923706055,43.0,43.540000915527344,43.540000915527344,5691700,PYPL,44.846233,42.549999237060554,-0.9900016784667898,0.0
2017-03-31,43.439998626708984,43.47999954223633,43.0099983215332,43.02000045776367,43.02000045776367,5177500,PYPL,44.56412,43.099998474121094,0.07999801635742188,0.0
2017-04-07,42.88999938964844,43.17499923706055,42.709999084472656,43.040000915527344,43.040000915527344,4861200,PYPL,43.940712,44.27000045776367,1.2299995422363281,0.0
2017-04-10,43.06999969482422,43.54999923706055,43.0099983215332,43.04999923706055,43.04999923706055,4579500,PYPL,44.173523,44.70999908447265,1.6599998474121023,0.0
2017-04-11,42.9900016784668,43.09000015258789,42.61000061035156,42.689998626708984,42.689998626708984,4856300,PYPL,44.218094,44.40999984741211,1.720001220703125,0.0
2017-04-13,42.5,42.88999938964844,42.31999969482422,42.54999923706055,42.54999923706055,3631400,PYPL,43.867283,47.720001220703125,5.170001983642578,0.0
2017-04-17,42.599998474121094,43.13999938964844,42.599998474121094,43.099998474121094,43.099998474121094,3151600,PYPL,44.05664,47.540000915527344,4.44000244140625,0.0
2017-04-19,43.029998779296875,43.470001220703125,42.900001525878906,43.29999923706055,43.29999923706055,4913900,PYPL,44.27822,49.02000045776367,5.720001220703125,0.0
2017-05-08,49.43000030517578,49.45000076293945,48.810001373291016,49.16999816894531,49.16999816894531,6641000,PYPL,54.021053,49.77000045776368,0.6000022888183665,0.0
2017-05-09,49.060001373291016,49.369998931884766,48.900001525878906,49.220001220703125,49.220001220703125,4774000,PYPL,53.412228,50.130001068115234,0.9099998474121094,0.0
2017-05-19,49.150001525878906,49.709999084472656,49.060001373291016,49.38999938964844,49.38999938964844,7813800,PYPL,48.972332,53.79999923706055,0.0,-4.409999847412109
2017-05-30,50.959999084472656,51.279998779296875,50.86000061035156,51.060001373291016,51.060001373291016,5550300,PYPL,53.101486,52.060001373291016,1.0,0.0
2017-06-06,53.75,53.79999923706055,53.15999984741211,53.400001525878906,53.400001525878906,6308000,PYPL,54.806362,52.52000045776367,-0.8800010681152344,0.0
2017-06-12,52.810001373291016,52.900001525878906,51.43000030517578,52.15999984741211,52.15999984741211,15765600,PYPL,53.58002,53.7400016784668,1.5800018310546875,0.0
2017-06-22,53.709999084472656,53.95100021362305,52.86000061035156,53.869998931884766,53.869998931884766,9673000,PYPL,54.63879,53.970001220703125,0.10000228881835938,0.0
2017-06-29,53.810001373291016,54.099998474121094,52.52000045776367,53.41999816894531,53.41999816894531,11616200,PYPL,54.09916,57.15999984741212,3.740001678466804,0.0
2017-07-06,54.220001220703125,54.35100173950195,53.150001525878906,53.470001220703125,53.470001220703125,7447900,PYPL,54.74814,59.09000015258789,5.619998931884766,0.0
2017-07-13,57.29999923706055,57.90999984741211,56.79999923706055,57.900001525878906,57.900001525878906,14795500,PYPL,56.020008,60.15000152587891,0.0,-2.250000000000007
2017-07-24,58.900001525878906,59.06999969482422,58.34000015258789,58.58000183105469,58.58000183105469,6429300,PYPL,60.8507,59.619998931884766,1.0399971008300781,0.0
2017-08-02,59.66999816894531,59.709999084472656,58.439998626708984,59.119998931884766,59.119998931884766,6517300,PYPL,61.007668,60.290000915527344,1.1700019836425781,0.0
2017-08-04,58.619998931884766,58.93000030517578,58.31999969482422,58.86000061035156,58.86000061035156,6174100,PYPL,61.09058,59.43999862670898,0.5799980163574148,0.0
2017-08-10,59.2400016784668,59.369998931884766,57.810001373291016,58.02000045776367,58.02000045776367,9571200,PYPL,60.11354,60.0,1.9799995422363281,0.0
2017-08-16,59.95000076293945,60.70000076293945,59.599998474121094,60.290000915527344,60.290000915527344,5747000,PYPL,60.491554,61.77000045776367,1.4799995422363281,0.0
2017-08-23,60.29999923706055,60.5099983215332,59.81999969482422,60.04999923706055,60.04999923706055,4532000,PYPL,61.68614,62.0,1.9500007629394531,0.0
2017-08-24,60.220001220703125,60.43000030517578,59.11000061035156,60.0,60.0,4045300,PYPL,61.74814,61.130001068115234,1.1300010681152344,0.0
2017-09-01,61.97999954223633,62.22999954223633,61.382999420166016,61.459999084472656,61.459999084472656,3440400,PYPL,62.671,62.91999816894531,1.4599990844726562,0.0
2017-09-11,61.72999954223633,63.2599983215332,61.619998931884766,62.63999938964844,62.63999938964844,8266300,PYPL,62.446102,63.49999999999999,0.0,-0.8600006103515554
2017-09-14,62.040000915527344,62.369998931884766,61.709999084472656,62.2400016784668,62.2400016784668,5697800,PYPL,63.0194,63.93000030517578,1.6899986267089844,0.0
2017-09-20,63.9900016784668,64.87000274658203,63.83000183105469,64.73999786376953,64.73999786376953,11903600,PYPL,63.712543,64.01000213623047,0.0,0.7299957275390625
2017-09-21,64.66999816894531,64.94999694824219,63.904998779296875,64.62999725341797,64.62999725341797,6727300,PYPL,64.61969,65.81999969482422,0.0,-1.19000244140625
2017-09-25,65.0,65.0,62.3650016784668,63.5,63.5,13156900,PYPL,65.07255,66.2300033569336,2.7300033569335938,0.0
2017-10-10,66.5999984741211,66.66999816894531,65.79000091552734,66.04000091552734,66.04000091552734,5831800,PYPL,67.82891,70.20999908447266,4.1699981689453125,0.0
2017-10-11,67.25,68.41999816894531,66.9800033569336,67.77999877929688,67.77999877929688,12005600,PYPL,67.82475,71.0199966430664,3.2399978637695312,0.0
2017-10-16,69.04000091552734,69.19999694824219,67.27999877929688,67.30999755859375,67.30999755859375,9581800,PYPL,69.39212,71.1500015258789,3.8400039672851562,0.0
2017-10-19,67.30000305175781,67.44999694824219,66.16000366210938,67.25,67.25,14546400,PYPL,67.60603,72.25,5.0,0.0
2017-10-20,71.33000183105469,71.7300033569336,69.69000244140625,70.97000122070312,70.97000122070312,34282800,PYPL,65.73403,73.38999938964844,0.0,-2.4199981689453125
2017-10-25,69.94000244140625,71.41999816894531,69.8499984741211,71.0199966430664,71.0199966430664,12755800,PYPL,70.65351,74.76999664306642,0.0,-3.750000000000014
2017-10-26,71.45999908447266,72.06999969482422,71.04000091552734,71.33999633789062,71.33999633789062,8015100,PYPL,72.499344,74.0999984741211,2.7600021362304688,0.0
2017-10-27,71.72000122070312,71.79000091552734,70.58000183105469,71.05999755859375,71.05999755859375,9256600,PYPL,73.47331,73.98999786376953,2.9300003051757812,0.0
2017-10-31,71.33999633789062,72.73999786376953,71.11000061035156,72.55999755859375,72.55999755859375,7555300,PYPL,74.18994,74.48999786376953,1.9300003051757812,0.0
2017-11-06,73.72000122070312,74.76000213623047,73.41999816894531,74.73999786376953,74.73999786376953,10156300,PYPL,74.8848,76.01000213623047,1.2700042724609375,0.0
2017-11-15,74.30000305175781,74.4000015258789,73.18499755859375,73.43000030517578,73.43000030517578,6232500,PYPL,75.99185,75.7300033569336,2.3000030517578125,0.0
2017-11-16,75.5,77.94000244140625,75.27999877929688,77.69999694824219,77.69999694824219,12856500,PYPL,76.00094,75.30000305175781,0.0,2.399993896484375
2017-12-04,75.58999633789062,75.74400329589844,68.61000061035156,70.97000122070312,70.97000122070312,26283600,PYPL,70.43234,75.31999969482422,0.0,-4.349998474121094
2017-12-06,70.88999938964844,73.19999694824219,70.83000183105469,73.13999938964844,73.13999938964844,9331400,PYPL,69.862686,74.0,0.0,-0.8600006103515625
2017-12-11,72.95999908447266,73.68000030517578,72.55999755859375,73.29000091552734,73.29000091552734,6421900,PYPL,74.79151,74.2699966430664,0.9799957275390625,0.0
2018-01-10,78.5,79.48500061035156,77.69999694824219,79.37000274658203,79.37000274658203,6248600,PYPL,80.59988,84.33999633789062,4.969993591308594,0.0
2018-01-12,80.0,80.7699966430664,79.66000366210938,80.54000091552734,80.54000091552734,6891100,PYPL,81.61323,84.30999755859375,3.7699966430664062,0.0
2018-01-29,85.19999694824219,85.3499984741211,83.62000274658203,84.30999755859375,84.30999755859375,8198900,PYPL,84.69392,75.27999877929688,-9.029998779296875,0.0
2018-01-30,83.0,84.16999816894531,82.0,83.77999877929688,83.77999877929688,7864500,PYPL,84.28016,74.97000122070312,-8.80999755859375,0.0
2018-02-12,75.48999786376953,76.27999877929688,74.85199737548828,75.27999877929688,75.27999877929688,10419600,PYPL,75.29937,79.45999908447266,4.180000305175781,0.0
2018-03-13,80.69000244140625,80.98999786376953,79.2699966430664,80.19999694824219,80.19999694824219,6414700,PYPL,82.98701,76.30999755859375,-3.8899993896484375,0.0
2018-03-15,83.75,83.98999786376953,81.56999969482422,82.56999969482422,82.56999969482422,9082000,PYPL,82.76262,75.87000274658203,-6.6999969482421875,0.0
2018-03-28,75.69999694824219,76.75,74.73999786376953,75.05999755859375,75.05999755859375,14370300,PYPL,75.03849,77.45999908447266,0.0,-2.4000015258789062
2018-03-29,75.30999755859375,77.19999694824219,74.55000305175781,75.87000274658203,75.87000274658203,11064300,PYPL,73.96446,77.2699966430664,0.0,-1.399993896484375
2018-04-04,73.0,75.05999755859375,72.5199966430664,74.77999877929688,74.77999877929688,8230800,PYPL,73.37503,80.33999633789062,0.0,-5.55999755859375
2018-04-17,78.55000305175781,80.43000030517578,78.5,80.02999877929688,80.02999877929688,7135700,PYPL,81.180374,74.80999755859374,-5.220001220703139,0.0
2018-04-30,74.0,75.01899719238281,73.69000244140625,74.61000061035156,74.61000061035156,9444400,PYPL,74.399086,78.80999755859375,0.0,-4.1999969482421875
2018-05-18,79.9000015258789,81.94000244140625,79.82499694824219,80.79000091552734,80.79000091552734,14626900,PYPL,80.47295,84.56999969482422,0.0,-3.779998779296875
2018-05-21,81.61000061035156,82.31999969482422,80.37000274658203,81.25,81.25,7882100,PYPL,81.14209,85.05000305175781,0.0,-3.8000030517578125
2018-06-11,84.44999694824219,84.58999633789062,83.79000091552734,83.88999938964844,83.88999938964844,4870400,PYPL,86.20583,82.19000244140625,-1.6999969482421875,0.0
2018-06-12,83.93000030517578,86.19999694824219,83.875,85.0199966430664,85.0199966430664,9216900,PYPL,86.006744,82.31999969482422,-2.6999969482421875,0.0
2018-06-14,85.5,86.29499816894531,85.20999908447266,85.61000061035156,85.61000061035156,6643400,PYPL,86.48638,82.48000335693361,-3.1299972534179545,0.0
2018-07-02,82.75,83.95999908447266,82.06199645996094,83.88999938964844,83.88999938964844,4929400,PYPL,82.84708,88.58000183105469,0.0,-4.69000244140625
2018-07-09,86.5999984741211,86.9000015258789,85.3479995727539,86.2300033569336,86.2300033569336,5683500,PYPL,87.39731,89.23999786376953,3.0099945068359375,0.0
2018-07-27,89.5,90.27999877929688,84.75,85.45999908447266,85.45999908447266,14903400,PYPL,87.21412,87.01000213623047,1.5500030517578125,0.0
2018-07-30,85.5,85.5,81.8499984741211,82.38999938964844,82.38999938964844,13501500,PYPL,84.8983,87.01000213623047,4.620002746582031,0.0
2018-08-09,86.91000366210938,88.08999633789062,86.4800033569336,87.16999816894531,87.16999816894531,5507000,PYPL,89.53722,87.37999725341795,0.20999908447264204,0.0
2018-08-17,85.0999984741211,85.7699966430664,84.22000122070312,85.44999694824219,85.44999694824219,6245000,PYPL,88.46994,92.33000183105469,6.8800048828125,0.0
2018-08-23,86.72000122070312,88.17500305175781,86.66999816894531,87.37999725341797,87.37999725341797,4310000,PYPL,89.8371,88.81999969482422,1.44000244140625,0.0
2018-08-24,87.94999694824219,90.12999725341797,87.94999694824219,90.0999984741211,90.0999984741211,7403900,PYPL,90.658,89.80000305175781,-0.29999542236328125,0.0
2018-08-27,90.68000030517578,91.31999969482422,89.77999877929688,89.97000122070312,89.97000122070312,5466700,PYPL,91.96416,91.43000030517578,1.4599990844726562,0.0
2018-08-29,90.77999877929688,92.94000244140625,90.77999877929688,92.62000274658203,92.62000274658203,7841800,PYPL,94.0077,92.19000244140625,-0.43000030517578125,0.0
2018-08-31,91.83999633789062,92.73999786376953,91.80000305175781,92.33000183105469,92.33000183105469,4874400,PYPL,95.256836,88.68000030517578,-3.6500015258789062,0.0
2018-09-04,91.94000244140625,93.44000244140625,91.62000274658203,93.06999969482422,93.06999969482422,6466700,PYPL,95.460884,89.72000122070312,-3.3499984741210938,0.0
2018-09-05,92.9800033569336,93.0,88.69999694824219,89.05000305175781,89.05000305175781,10202200,PYPL,94.23643,89.30999755859375,0.2599945068359375,0.0
2018-09-10,89.43000030517578,89.98999786376953,88.55999755859375,89.80000305175781,89.80000305175781,5466000,PYPL,90.31505,89.62000274658203,-0.18000030517578125,0.0
2018-09-11,89.83000183105469,91.70999908447266,89.03500366210938,91.43000030517578,91.43000030517578,7321900,PYPL,90.0783,90.04000091552734,0.0,1.3899993896484375
2018-09-13,92.5999984741211,93.69999694824219,92.05999755859375,92.19000244140625,92.19000244140625,8308300,PYPL,91.26175,88.98999786376953,0.0,3.2000045776367188
2018-09-14,92.25,92.68000030517578,90.68000030517578,90.77999877929688,90.77999877929688,9342800,PYPL,91.45982,87.83999633789062,-2.94000244140625,0.0
2018-09-17,90.66000366210938,91.30000305175781,88.51000213623047,88.68000030517578,88.68000030517578,9293800,PYPL,90.814285,87.55000305175781,-1.1299972534179688,0.0
2018-09-27,90.61000061035156,90.69999694824219,88.86000061035156,88.98999786376953,88.98999786376953,6996600,PYPL,90.32623,75.9000015258789,-13.089996337890625,0.0
2018-10-02,87.2699966430664,87.3499984741211,85.83000183105469,86.68000030517578,86.68000030517578,6488200,PYPL,88.90397,80.61000061035156,-6.069999694824219,0.0
2018-10-03,87.4000015258789,87.94999694824219,86.37000274658203,87.1500015258789,87.1500015258789,6625000,PYPL,88.62105,80.08999633789062,-7.060005187988281,0.0
2018-10-10,79.61000061035156,79.91000366210938,75.31999969482422,75.44999694824219,75.44999694824219,16920300,PYPL,78.469765,83.08999633789062,7.6399993896484375,0.0
2018-10-11,76.80999755859375,77.78500366210938,74.66000366210938,75.9000015258789,75.9000015258789,21006500,PYPL,75.48646,85.95999908447266,0.0,-10.05999755859375
2018-10-12,79.12000274658203,79.5999984741211,77.79000091552734,79.02999877929688,79.02999877929688,14131400,PYPL,75.20468,83.37000274658203,0.0,-4.340003967285156
2018-10-17,81.19000244140625,81.38999938964844,79.5,80.08999633789062,80.08999633789062,10022600,PYPL,80.58008,84.19000244140625,4.100006103515625,0.0
2018-10-22,84.86000061035156,86.2300033569336,83.57099914550781,85.43000030517578,85.43000030517578,11254800,PYPL,81.91576,84.05000305175781,0.0,1.3799972534179688
2018-11-01,84.18000030517578,85.1500015258789,83.56999969482422,85.04000091552734,85.04000091552734,5952600,PYPL,85.07675,86.73999786376953,1.6999969482421875,0.0
2018-11-02,85.45999908447266,86.10399627685547,82.6500015258789,83.51000213623047,83.51000213623047,7014400,PYPL,86.3464,85.05999755859375,1.5499954223632812,0.0
2018-11-05,83.33000183105469,84.25,82.25,84.05000305175781,84.05000305175781,4622300,PYPL,87.37886,80.12999725341797,-3.9200057983398438,0.0
2018-11-06,84.0999984741211,85.30999755859375,83.72000122070312,84.69000244140625,84.69000244140625,4662500,PYPL,88.387665,77.76000213623047,-6.930000305175781,0.0
2018-11-08,87.69999694824219,89.05999755859375,87.68000030517578,89.04000091552734,89.04000091552734,7539000,PYPL,91.00103,77.94999694824219,-11.090003967285156,0.0
2018-11-19,84.7699966430664,85.19000244140625,79.9000015258789,80.12999725341797,80.12999725341797,11455300,PYPL,86.69959,84.19000244140625,4.060005187988281,0.0
2018-11-26,78.97000122070312,80.9800033569336,78.86000061035156,80.86000061035156,80.86000061035156,9292900,PYPL,79.37422,85.51000213623047,0.0,-4.650001525878906
2018-11-30,84.38999938964844,85.86000061035156,83.66000366210938,85.80999755859375,85.80999755859375,11273300,PYPL,84.82985,84.0999984741211,0.0,1.7099990844726562
2018-12-03,87.29000091552734,88.83999633789062,87.19000244140625,87.9800033569336,87.9800033569336,10822500,PYPL,86.07659,85.51000213623047,0.0,2.470001220703125
2018-12-11,86.01000213623047,86.9000015258789,84.55999755859375,85.51000213623047,85.51000213623047,8159100,PYPL,84.05356,82.80000305175781,0.0,2.7099990844726562
2018-12-26,77.69999694824219,82.80000305175781,77.6500015258789,82.80000305175781,82.80000305175781,10994700,PYPL,78.390915,90.69999694824219,0.0,-7.899993896484375
2018-12-31,84.23999786376953,84.4800033569336,82.55000305175781,84.08999633789062,84.08999633789062,7247700,PYPL,84.160126,91.5999984741211,7.510002136230469,0.0
2019-01-23,90.73999786376953,91.16999816894531,89.56999969482422,90.5,90.5,5595700,PYPL,91.641205,92.25,1.75,0.0
2019-01-31,89.0199966430664,90.08999633789062,86.62000274658203,88.76000213623047,88.76000213623047,23729900,PYPL,89.780876,94.41999816894531,5.659996032714844,0.0
2019-02-13,94.58999633789062,96.04000091552734,93.84400177001953,94.01000213623047,94.01000213623047,8577900,PYPL,95.04531,98.06999969482422,4.05999755859375,0.0
2019-02-26,96.33999633789062,96.81999969482422,95.52999877929688,96.58999633789062,96.58999633789062,5906400,PYPL,98.11205,97.50000000000001,0.9100036621093892,0.0
2019-03-27,103.19999694824219,104.16999816894531,101.73999786376953,103.06999969482422,103.06999969482422,5450200,PYPL,104.22582,107.51000213623047,4.44000244140625,0.0
2019-04-02,105.76000213623047,105.76000213623047,104.66000366210938,105.2300033569336,105.2300033569336,4177400,PYPL,106.88642,108.19999694824219,2.9699935913085938,0.0
2019-04-08,105.66000366210938,107.0,104.66999816894531,106.56999969482422,106.56999969482422,9261800,PYPL,106.4589,106.9000015258789,0.0,-0.3300018310546875
2019-04-10,107.1500015258789,107.7699966430664,106.38999938964844,107.51000213623047,107.51000213623047,6561800,PYPL,107.558945,110.22000122070312,2.7099990844726562,0.0
2019-04-11,107.51000213623047,107.73999786376953,105.91000366210938,106.45999908447266,106.45999908447266,7681000,PYPL,107.94121,110.55999755859375,4.099998474121094,0.0
2019-04-15,108.58000183105469,109.0,107.30999755859375,108.13999938964844,108.13999938964844,4480100,PYPL,109.30452,112.7699966430664,4.629997253417969,0.0
2019-04-17,107.80500030517578,108.86000061035156,107.25,108.80999755859375,108.80999755859375,5353700,PYPL,110.81277,109.69999694824219,0.8899993896484375,0.0
2019-04-23,107.0999984741211,107.51000213623047,106.44000244140625,106.9000015258789,106.9000015258789,8564200,PYPL,108.61045,108.94999694824219,2.0499954223632812,0.0
2019-04-24,107.11000061035156,108.38999938964844,106.41999816894531,107.22000122070312,107.22000122070312,9553100,PYPL,107.93877,109.06999969482422,1.8499984741210938,0.0
2019-04-25,108.5199966430664,110.91999816894531,108.5199966430664,110.22000122070312,110.22000122070312,10959400,PYPL,107.96281,109.7300033569336,0.0,0.48999786376953125
2019-04-26,109.72000122070312,110.56999969482422,107.87999725341797,110.55999755859375,110.55999755859375,7683200,PYPL,108.68409,110.41000366210938,0.0,0.149993896484375
2019-05-06,109.44000244140625,111.12000274658203,108.58000183105469,110.8499984741211,110.8499984741211,4722600,PYPL,114.09182,112.15000152587889,1.3000030517577983,0.0
2019-05-10,109.22000122070312,110.68000030517578,107.45999908447266,110.41000366210938,110.41000366210938,3750900,PYPL,112.58367,109.8499984741211,-0.5600051879882812,0.0
2019-06-03,111.08999633789062,111.08999633789062,103.95999908447266,105.5199966430664,105.5199966430664,11261200,PYPL,110.44514,117.16000366210938,11.640007019042969,0.0
2019-06-05,110.04000091552734,110.87999725341797,109.45999908447266,110.7699966430664,110.7699966430664,6220200,PYPL,108.766846,117.13999938964844,0.0,-6.370002746582031
2019-06-07,112.30000305175781,115.13999938964844,112.08000183105469,114.0199966430664,114.0199966430664,5916400,PYPL,111.58999,116.20999908447266,0.0,-2.19000244140625
2019-06-11,116.97000122070312,117.44999694824219,113.29499816894531,114.5999984741211,114.5999984741211,5038900,PYPL,115.98681,114.44000244140625,-0.15999603271484375,0.0
2019-06-14,115.91000366210938,116.7300033569336,115.2699966430664,116.16999816894531,116.16999816894531,4242000,PYPL,119.34349,114.45999908447264,-1.7099990844726705,0.0
2019-06-18,118.5999984741211,118.64600372314453,115.83999633789062,115.9800033569336,115.9800033569336,6793300,PYPL,120.56753,116.16999816894531,0.18999481201171875,0.0
2019-07-02,115.18000030517578,116.19999694824219,114.58000183105469,116.16999816894531,116.16999816894531,4153900,PYPL,117.773605,118.80999755859376,2.6399993896484517,0.0
2019-07-05,116.54000091552734,117.4000015258789,114.69000244140625,117.16000366210938,117.16000366210938,3801700,PYPL,119.93955,118.62999725341797,1.4699935913085938,0.0
2019-07-17,119.6500015258789,119.98999786376953,118.80000305175781,118.80999755859375,118.80999755859375,4627500,PYPL,125.07937,110.4000015258789,-8.409996032714844,0.0
2019-07-18,118.98999786376953,120.80000305175781,118.62999725341797,119.87000274658203,119.87000274658203,4436900,PYPL,124.673546,110.80000305175781,-9.069999694824219,0.0
2019-07-19,120.73999786376953,121.36000061035156,118.5999984741211,118.62999725341797,118.62999725341797,4916200,PYPL,124.20949,107.08999633789062,-11.540000915527344,0.0
2019-07-23,119.41999816894531,120.2699966430664,118.69499969482422,120.22000122070312,120.22000122070312,5016000,PYPL,122.89503,105.02999877929688,-15.19000244140625,0.0
2019-07-26,115.70999908447266,116.3499984741211,114.33999633789062,115.48999786376953,115.48999786376953,7995500,PYPL,116.2293,104.81999969482422,-10.669998168945312,0.0
2019-07-31,112.19999694824219,112.30000305175781,109.43000030517578,110.4000015258789,110.4000015258789,10096200,PYPL,108.5634,103.2699966430664,0.0,7.1300048828125
2019-08-01,110.44999694824219,112.44999694824219,109.66500091552734,110.80000305175781,110.80000305175781,9436100,PYPL,107.58137,104.94999694824219,0.0,5.850006103515625
2019-08-05,103.76000213623047,105.38999938964844,102.41000366210938,103.5999984741211,103.5999984741211,11745400,PYPL,103.84868,107.66999816894531,4.069999694824219,0.0
2019-08-09,106.4000015258789,106.5199966430664,104.44999694824219,104.81999969482422,104.81999969482422,7777300,PYPL,104.962425,106.04000091552734,1.220001220703125,0.0
2019-08-14,104.16999816894531,105.12999725341797,102.44000244140625,103.2699966430664,103.2699966430664,9538800,PYPL,105.27908,107.47000122070312,4.200004577636719,0.0
2019-09-03,107.91999816894531,108.86000061035156,106.45999908447266,106.75,106.75,4037700,PYPL,115.27302,107.5,0.75,0.0
2019-09-10,104.7699966430664,104.94999694824219,101.30999755859375,103.05000305175781,103.05000305175781,13428000,PYPL,110.33944,103.69000244140624,0.6399993896484233,0.0
2019-09-11,104.1500015258789,104.4800033569336,103.11000061035156,104.0199966430664,104.0199966430664,7006300,PYPL,107.50776,104.13999938964844,0.12000274658203125,0.0
2019-10-07,102.11000061035156,102.60700225830078,101.5199966430664,101.62000274658203,101.62000274658203,3711300,PYPL,103.763084,101.44000244140626,-0.18000030517576704,0.0
2019-10-09,99.44000244140625,100.69000244140625,99.38500213623047,99.88999938964844,99.88999938964844,4988600,PYPL,103.20958,96.63999938964844,-3.25,0.0
2019-10-10,99.4000015258789,101.0,99.4000015258789,100.54000091552734,100.54000091552734,4281600,PYPL,103.22877,104.91000366210938,4.370002746582031,0.0
2019-10-15,102.01000213623047,103.66000366210938,101.9000015258789,103.58999633789062,103.58999633789062,4579600,PYPL,105.93848,105.0,1.410003662109375,0.0
2019-10-16,103.0,103.2300033569336,101.9000015258789,103.08999633789062,103.08999633789062,4327000,PYPL,106.71594,106.5,3.410003662109375,0.0
2019-10-30,105.29000091552734,106.5999984741211,103.95999908447266,106.5,106.5,4204900,PYPL,106.71857,102.12000274658203,-4.379997253417969,0.0
2019-11-12,102.97000122070312,103.08999633789062,100.91999816894531,102.02999877929688,102.02999877929688,6715200,PYPL,103.59295,106.19999694824219,4.1699981689453125,0.0
2019-11-13,102.0,103.5999984741211,101.62999725341797,102.12000274658203,102.12000274658203,5246600,PYPL,104.59375,107.75,5.629997253417969,0.0
2019-11-22,102.91999816894531,103.2300033569336,100.72000122070312,101.7699966430664,101.7699966430664,6448800,PYPL,107.37537,103.77999877929688,2.0100021362304688,0.0
2019-11-25,102.37999725341797,104.56999969482422,102.05999755859375,104.44999694824219,104.44999694824219,8336100,PYPL,106.578575,103.62000274658202,-0.8299942016601705,0.0
2019-11-26,104.80000305175781,106.77999877929688,104.5,106.19999694824219,106.19999694824219,13126400,PYPL,105.95592,105.51000213623047,0.0,0.6899948120117188
2019-12-04,106.29000091552734,106.29000091552734,104.65499877929688,105.0,105.0,7848700,PYPL,107.98865,107.8300018310547,2.8300018310547017,0.0
2019-12-09,104.5999984741211,105.0999984741211,103.5999984741211,103.77999877929688,103.77999877929688,5641300,PYPL,106.24233,108.61000061035156,4.8300018310546875,0.0
2019-12-12,105.20999908447266,106.22000122070312,104.12999725341797,105.66999816894531,105.66999816894531,6379500,PYPL,106.0554,109.4000015258789,3.7300033569335938,0.0
2019-12-18,108.86000061035156,109.47000122070312,107.76000213623047,107.83000183105469,107.83000183105469,6477900,PYPL,109.954315,108.76000213623047,0.9300003051757812,0.0
2020-01-03,109.48999786376953,110.41999816894531,108.76000213623047,108.76000213623047,108.76000213623047,7098300,PYPL,112.627716,116.04000091552734,7.279998779296875,0.0
2020-01-06,107.56999969482422,110.22000122070312,107.44000244140625,110.16999816894531,110.16999816894531,6764500,PYPL,112.23561,116.1500015258789,5.980003356933594,0.0
2020-01-09,112.98999786376953,113.55999755859375,111.58999633789062,112.56999969482422,112.56999969482422,5944700,PYPL,113.177734,116.9800033569336,4.410003662109375,0.0
2020-01-17,116.44999694824219,116.69999694824219,115.47000122070312,116.04000091552734,116.04000091552734,9730400,PYPL,117.42801,116.51000213623047,0.470001220703125,0.0
2020-01-24,118.44999694824219,119.5999984741211,116.51000213623047,116.9800033569336,116.9800033569336,7124000,PYPL,118.20216,118.87999725341795,1.8999938964843608,0.0
2020-01-29,117.47000122070312,117.52999877929688,115.16000366210938,116.66000366210938,116.66000366210938,9236800,PYPL,117.15158,118.55999755859375,1.899993896484375,0.0
2020-02-04,118.04000091552734,120.33999633789062,117.30000305175781,120.08000183105469,120.08000183105469,7396800,PYPL,116.30122,123.91000366210938,0.0,-3.8300018310546875
2020-02-06,120.08999633789062,120.5999984741211,119.47000122070312,119.88999938964844,119.88999938964844,4020300,PYPL,120.52286,119.48999786376953,-0.40000152587890625,0.0
2020-02-13,118.04000091552734,121.0999984741211,117.80000305175781,120.51000213623047,120.51000213623047,6066300,PYPL,123.8444,107.98999786376953,-12.520004272460938,0.0
2020-02-24,114.29000091552734,116.79000091552734,113.5199966430664,116.44000244140625,116.44000244140625,10139300,PYPL,123.96288,101.62999725341797,-14.810005187988281,0.0
2020-02-26,109.80999755859375,112.62999725341797,108.5999984741211,109.11000061035156,109.11000061035156,10301800,PYPL,114.650505,103.9000015258789,-5.209999084472656,0.0
2020-02-27,106.30000305175781,112.05000305175781,106.30000305175781,107.83999633789062,107.83999633789062,15461900,PYPL,109.698235,96.95999908447266,-10.879997253417969,0.0
2020-03-02,107.45999908447266,113.05000305175781,106.52999877929688,112.86000061035156,112.86000061035156,13367000,PYPL,103.20223,92.72000122070312,0.0,20.139999389648438
2020-03-04,112.04000091552734,115.38999938964844,110.62000274658203,115.30000305175781,115.30000305175781,8245200,PYPL,105.962875,91.45999908447266,0.0,23.840003967285156
2020-03-09,102.72000122070312,106.98999786376953,99.70999908447266,101.62999725341797,101.62999725341797,12458900,PYPL,107.28081,85.26000213623047,-16.3699951171875,0.0
2020-03-11,106.6500015258789,107.75,101.9800033569336,103.9000015258789,103.9000015258789,10756400,PYPL,104.76827,95.70999908447266,-8.19000244140625,0.0
2020-03-17,94.5,101.08000183105469,90.5199966430664,97.87000274658203,97.87000274658203,17969400,PYPL,94.13176,95.73999786376952,0.0,2.130004882812514
2020-04-03,92.79000091552734,92.94999694824219,89.87999725341797,92.38999938964844,92.38999938964844,7699500,PYPL,98.72182,112.16999816894531,19.779998779296875,0.0
2020-04-06,97.80000305175781,102.5,96.26000213623047,101.66999816894531,101.66999816894531,11999000,PYPL,99.8024,107.54000091552734,0.0,-5.870002746582031
2020-04-20,110.9000015258789,114.30000305175781,110.0250015258789,112.16999816894531,112.16999816894531,10730700,PYPL,115.223206,123.66000366210938,11.490005493164062,0.0
2020-04-24,115.47000122070312,120.47000122070312,115.4000015258789,120.18000030517578,120.18000030517578,10677500,PYPL,116.91064,144.9600067138672,0.0,-24.780006408691406
2020-04-30,121.3499984741211,123.44999694824219,120.62000274658203,123.0,123.0,7569800,PYPL,122.86606,144.41000366210935,0.0,-21.410003662109347
2020-05-15,142.89999389648438,145.88999938964844,141.6300048828125,145.50999450683594,145.50999450683594,8361200,PYPL,142.38461,154.52999877929688,0.0,-9.020004272460938
2020-05-21,150.5800018310547,150.74000549316406,148.0399932861328,148.22000122070312,148.22000122070312,5612700,PYPL,150.02635,156.0,7.779998779296875,0.0
2020-06-09,155.7899932861328,158.2100067138672,155.59500122070312,156.86000061035156,156.86000061035156,7265600,PYPL,161.98726,172.7899932861328,15.92999267578125,0.0
2020-06-15,152.6300048828125,157.9199981689453,152.22000122070312,157.5500030517578,157.5500030517578,5115000,PYPL,161.13153,168.35000610351562,10.800003051757812,0.0
2020-06-22,165.5800018310547,170.89999389648438,165.5500030517578,170.25999450683594,170.25999450683594,7793800,PYPL,169.08577,177.27999877929688,0.0,-7.0200042724609375
2020-06-24,170.59500122070312,173.47999572753906,164.2899932861328,168.0,168.0,8931800,PYPL,172.07318,183.22999572753906,15.229995727539062,0.0
2020-07-06,180.2899932861328,181.24000549316406,174.4600067138672,176.17999267578125,176.17999267578125,8348300,PYPL,179.42871,178.82000732421875,2.6400146484375,0.0
2020-07-16,169.89999389648438,171.33999633789062,166.5,169.80999755859375,169.80999755859375,6630600,PYPL,176.4792,192.50999450683594,22.699996948242188,0.0
2020-07-17,171.5,174.55999755859375,169.5399932861328,173.9199981689453,173.9199981689453,7354000,PYPL,175.61513,196.07000732421875,22.150009155273438,0.0
2020-07-20,174.64999389648438,179.63999938964844,172.67999267578125,178.82000732421875,178.82000732421875,6025000,PYPL,176.65662,197.07000732421875,0.0,-18.25
2020-07-21,179.25,179.4600067138672,174.32000732421875,175.5800018310547,175.5800018310547,5698400,PYPL,178.33647,197.3300018310547,21.75,0.0
2020-07-23,178.14999389648438,180.75,171.94000244140625,173.86000061035156,173.86000061035156,6999600,PYPL,181.53194,204.08999633789062,30.229995727539062,0.0
2020-07-27,173.9199981689453,178.4600067138672,172.38999938964844,177.97999572753906,177.97999572753906,6868800,PYPL,181.51639,193.32000732421875,15.340011596679688,0.0
2020-08-07,203.7100067138672,203.9510040283203,196.6999969482422,198.6300048828125,198.6300048828125,6525300,PYPL,206.56367,196.7899932861328,-1.8400115966796875,0.0
2020-08-18,197.72999572753906,198.75,194.0,194.57000732421875,194.57000732421875,5362500,PYPL,200.73737,208.92999267578125,14.3599853515625,0.0
2020-08-21,197.92999267578125,199.10000610351562,196.22000122070312,196.7899932861328,196.7899932861328,6092500,PYPL,203.42499,191.83999633789062,-4.9499969482421875,0.0
2020-09-01,205.58999633789062,209.8800048828125,205.14500427246094,208.92999267578125,208.92999267578125,6234600,PYPL,216.93274,180.91000366210938,-28.019989013671875,0.0
2020-09-14,186.0,188.60000610351562,184.3800048828125,186.9600067138672,186.9600067138672,7053100,PYPL,190.43611,192.02000427246094,5.05999755859375,0.0
2020-09-17,176.6300048828125,178.74000549316406,173.7899932861328,175.7899932861328,175.7899932861328,11840100,PYPL,183.17548,196.94000244140625,21.150009155273438,0.0
2020-09-18,176.6999969482422,178.25,171.6300048828125,176.07000732421875,176.07000732421875,13557200,PYPL,178.98282,191.91000366210938,15.839996337890625,0.0
2020-09-21,174.83999633789062,183.4499969482422,174.0800018310547,183.2100067138672,183.2100067138672,13765600,PYPL,176.41684,196.85000610351562,0.0,-13.639999389648438
2020-10-06,196.1300048828125,197.3699951171875,190.8800048828125,191.66000366210938,191.66000366210938,5921800,PYPL,205.59807,201.9600067138672,10.300003051757812,0.0
2020-10-12,199.8699951171875,204.0800018310547,196.6320037841797,201.50999450683594,201.50999450683594,10603200,PYPL,207.76079,197.22000122070312,-4.2899932861328125,0.0
2020-10-15,199.99000549316406,203.47999572753906,198.1280059814453,203.13999938964844,203.13999938964844,7626700,PYPL,211.15184,195.0399932861328,-8.100006103515625,0.0
2020-10-29,194.0800018310547,197.58999633789062,192.30999755859375,195.0399932861328,195.0399932861328,7627100,PYPL,200.4179,189.10000610351562,-5.9399871826171875,0.0
2020-11-09,195.74000549316406,196.07000732421875,184.44000244140625,184.72000122070312,184.72000122070312,18986400,PYPL,185.4887,200.82000732421875,16.100006103515625,0.0
2020-11-12,193.9499969482422,194.89999389648438,188.42999267578125,189.10000610351562,189.10000610351562,7096100,PYPL,185.51463,211.38999938964844,0.0,-22.289993286132812
2020-11-16,185.19000244140625,192.3800048828125,183.5399932861328,191.94000244140625,191.94000244140625,10127800,PYPL,189.0755,216.5399932861328,0.0,-24.599990844726562
2020-11-25,206.2899932861328,216.07000732421875,206.22999572753906,214.4600067138672,214.4600067138672,13817500,PYPL,208.04008,215.33999633789062,0.0,-0.8799896240234375
2020-11-30,212.50999450683594,215.8300018310547,207.08999633789062,214.1199951171875,214.1199951171875,12976100,PYPL,216.32516,220.7899932861328,6.6699981689453125,0.0
2020-12-14,215.9499969482422,223.16000366210938,215.0,220.7899932861328,220.7899932861328,9759400,PYPL,225.22827,231.02999877929688,10.240005493164062,0.0
2021-01-06,228.94000244140625,232.49000549316406,225.70199584960938,226.8300018310547,226.8300018310547,9211700,PYPL,237.70332,248.63999938964844,21.80999755859375,0.0
2021-01-08,237.42999267578125,242.91000366210938,236.06900024414062,242.4600067138672,242.4600067138672,6767700,PYPL,239.06015,247.75,0.0,-5.2899932861328125
2021-01-11,238.0399932861328,240.83999633789062,234.08999633789062,237.5,237.5,5073100,PYPL,240.92766,241.0,3.5,0.0
2021-01-22,246.64999389648438,254.38999938964844,246.1999969482422,252.0,252.0,7800500,PYPL,252.4361,269.44000244140625,17.44000244140625,0.0
2021-02-02,243.61000061035156,250.19000244140625,240.52999877929688,249.10000610351562,249.10000610351562,7082800,PYPL,242.89265,297.20001220703125,0.0,-48.100006103515625
2021-02-03,253.9600067138672,254.31500244140625,247.38999938964844,251.89999389648438,251.89999389648438,13545700,PYPL,244.45863,290.80999755859375,0.0,-38.910003662109375
2021-02-05,268.6099853515625,270.0,264.7099914550781,269.44000244140625,269.44000244140625,7978600,PYPL,252.36029,273.8500061035156,0.0,-4.410003662109375
2021-02-08,276.8800048828125,282.6990051269531,274.6239929199219,282.1700134277344,282.1700134277344,10065500,PYPL,258.5769,265.0,0.0,17.170013427734375
2021-02-24,266.1050109863281,268.6659851074219,259.1000061035156,266.07000732421875,266.07000732421875,10840000,PYPL,263.98734,242.07000732421875,0.0,24.0
2021-02-26,257.45001220703125,261.8599853515625,253.11399841308594,259.8500061035156,259.8500061035156,11915200,PYPL,255.10126,250.35000610351562,0.0,9.5
2021-03-09,240.97999572753906,244.44000244140625,236.0399932861328,241.75999450683594,241.75999450683594,12071200,PYPL,241.64804,243.77000427246094,0.0,-2.010009765625
2021-03-15,251.41799926757812,252.0,246.7899932861328,249.97999572753906,249.97999572753906,7052100,PYPL,254.40541,235.6699981689453,-14.30999755859375,0.0
2021-03-17,245.83999633789062,254.46099853515625,242.89999389648438,251.47000122070312,251.47000122070312,6340100,PYPL,261.03677,242.83999633789062,-8.6300048828125,0.0
2021-03-19,239.6300048828125,243.14999389648438,237.1300048828125,241.27999877929688,241.27999877929688,10555100,PYPL,260.03513,251.02000427246094,9.740005493164062,0.0
2021-03-22,242.02999877929688,246.9499969482422,240.85000610351562,244.38499450683594,244.38499450683594,5790200,PYPL,260.27835,253.19000244140625,8.805007934570312,0.0
2021-04-08,260.1600036621094,265.0,258.1700134277344,264.5,264.5,9059100,PYPL,254.57106,262.2699890136719,0.0,2.230010986328125
2021-04-16,273.1600036621094,274.1499938964844,268.5899963378906,269.8699951171875,269.8699951171875,6061600,PYPL,265.01462,262.2900085449219,0.0,7.579986572265625
2021-04-26,266.6600036621094,271.75,265.9200134277344,271.7200012207031,271.7200012207031,5327800,PYPL,262.57715,243.6300048828125,0.0,28.089996337890625
2021-05-11,235.0,250.55499267578125,233.61000061035156,248.60000610351562,248.60000610351562,9258200,PYPL,249.0576,258.6499938964844,10.04998779296875,0.0
2021-05-12,240.58900451660156,246.5,238.82000732421875,239.91000366210938,239.91000366210938,8649800,PYPL,246.86642,261.3699951171875,21.459991455078125,0.0
2021-05-25,258.5,260.3699951171875,257.2799987792969,258.6499938964844,258.6499938964844,6048100,PYPL,261.23972,263.6000061035156,4.95001220703125,0.0
2021-06-04,259.5140075683594,263.4599914550781,259.1499938964844,263.0400085449219,263.0400085449219,4086100,PYPL,268.92175,283.3800048828125,20.339996337890625,0.0
2021-06-21,283.27899169921875,284.30499267578125,276.7250061035156,283.1000061035156,283.1000061035156,7287800,PYPL,272.1974,292.6400146484375,0.0,-9.540008544921875
2021-06-22,281.70001220703125,287.4599914550781,280.2200012207031,286.75,286.75,6049400,PYPL,273.74762,297.1300048828125,0.0,-10.3800048828125
2021-07-08,292.1000061035156,295.864990234375,289.4599914550781,295.04998779296875,295.04998779296875,5912000,PYPL,288.84555,303.69000244140625,0.0,-8.6400146484375
2021-08-03,272.05999755859375,274.5400085449219,269.57000732421875,273.5,273.5,8323000,PYPL,274.73135,271.1000061035156,-2.399993896484375,0.0
2021-08-12,274.25,276.80499267578125,273.05999755859375,274.5899963378906,274.5899963378906,4509100,PYPL,277.12955,273.6199951171875,-0.970001220703125,0.0
2021-08-31,290.92999267578125,292.6499938964844,284.3399963378906,288.6600036621094,288.6600036621094,8911800,PYPL,282.88364,282.42999267578125,0.0,6.230010986328125
2021-09-16,281.0400085449219,283.69000244140625,280.3900146484375,282.9700012207031,282.9700012207031,3606700,PYPL,277.769,260.2099914550781,0.0,22.760009765625
2021-09-21,271.75,272.29901123046875,267.79998779296875,269.489990234375,269.489990234375,4326100,PYPL,272.32742,260.1499938964844,-9.339996337890625,0.0
2021-09-27,274.7799987792969,276.7799987792969,272.1860046386719,273.3900146484375,273.3900146484375,4614900,PYPL,275.25516,255.0500030517578,-18.340011596679688,0.0
2021-11-03,228.3300018310547,230.89999389648438,225.30999755859375,230.3800048828125,230.3800048828125,14178000,PYPL,212.74275,206.27000427246094,0.0,24.110000610351562
2021-11-11,207.9199981689453,208.30999755859375,201.55999755859375,202.02999877929688,202.02999877929688,17712100,PYPL,192.9894,187.7899932861328,0.0,14.240005493164062
2021-11-16,214.88999938964844,215.97000122070312,211.77000427246094,215.6699981689453,215.6699981689453,16697500,PYPL,196.21735,179.32000732421875,0.0,36.34999084472656
2021-11-17,211.14500427246094,213.97000122070312,203.35000610351562,206.27000427246094,206.27000427246094,23095600,PYPL,197.50795,187.14999389648438,0.0,19.120010375976562
2021-11-19,202.19000244140625,202.5,193.07000732421875,193.61000061035156,193.61000061035156,24607500,PYPL,196.10027,184.86000061035156,-8.75,0.0
2021-12-02,180.10499572753906,188.8000030517578,179.72999572753906,187.14999389648438,187.14999389648438,20422700,PYPL,184.13962,188.75,0.0,-1.600006103515625
2021-12-03,187.72999572753906,187.8000030517578,179.2899932861328,183.92999267578125,183.92999267578125,20737500,PYPL,183.03596,186.1999969482422,0.0,-2.2700042724609375
2021-12-10,192.94000244140625,194.14999389648438,186.8000030517578,188.50999450683594,188.50999450683594,11908100,PYPL,191.17644,192.00999450683594,3.5,0.0
2022-01-03,191.41000366210938,196.0,189.9499969482422,194.94000244140625,194.94000244140625,12788200,PYPL,189.0131,174.4600067138672,0.0,20.479995727539062
2022-01-05,189.86500549316406,194.25,187.14999389648438,187.16000366210938,187.16000366210938,13227600,PYPL,185.39455,173.27999877929688,0.0,13.8800048828125
2022-01-06,185.52000427246094,195.0,185.07000732421875,192.27000427246094,192.27000427246094,14206300,PYPL,183.03319,163.5399932861328,0.0,28.730010986328125
2022-01-12,189.6999969482422,191.4499969482422,185.27999877929688,187.1999969482422,187.1999969482422,13588800,PYPL,174.64668,158.11000061035156,0.0,29.089996337890625
2022-01-14,179.14999389648438,182.0,175.39999389648438,178.4199981689453,178.4199981689453,14374400,PYPL,171.19304,171.94000244140625,0.0,6.4799957275390625
2022-01-27,159.4320068359375,162.5500030517578,156.5399932861328,158.11000061035156,158.11000061035156,12657000,PYPL,144.81323,119.0199966430664,0.0,39.090003967285156
2022-02-04,124.38999938964844,126.69999694824219,121.4000015258789,126.08000183105469,126.08000183105469,33103500,PYPL,102.60001,103.65000152587892,0.0,22.430000305175767
2022-02-07,126.58000183105469,129.4199981689453,120.5,121.41000366210938,121.41000366210938,30384500,PYPL,98.67312,103.16999816894531,0.0,18.240005493164062
2022-02-10,121.54000091552734,125.27999877929688,118.4800033569336,119.0199966430664,119.0199966430664,30012600,PYPL,100.34147,110.94000244140625,0.0,8.079994201660156
2022-02-15,115.41500091552734,116.4000015258789,114.01000213623047,115.45999908447266,115.45999908447266,19007600,PYPL,105.47433,106.61000061035156,0.0,8.849998474121094
2022-02-16,114.69999694824219,114.79000091552734,110.37999725341797,110.54000091552734,110.54000091552734,28938700,PYPL,105.36376,101.33999633789062,0.0,9.200004577636719
2022-02-18,106.0,106.74099731445312,103.02999877929688,103.6500015258789,103.6500015258789,28157400,PYPL,101.630974,93.61000061035156,0.0,10.040000915527344
2022-02-28,110.30999755859375,113.53500366210938,108.93000030517578,111.93000030517578,111.93000030517578,25719300,PYPL,106.44107,96.87000274658203,0.0,15.05999755859375
2022-04-05,122.83000183105469,122.91799926757812,117.2030029296875,117.6500015258789,117.6500015258789,12778700,PYPL,106.84516,94.9000015258789,0.0,22.75
2022-04-12,111.63999938964844,112.73999786376953,107.75,108.25,108.25,12493600,PYPL,101.8857,82.61000061035156,0.0,25.639999389648438
2022-04-14,105.08000183105469,105.69999694824219,102.05999755859375,102.30999755859375,102.30999755859375,16125800,PYPL,96.53961,87.93000030517578,0.0,14.379997253417969
2022-04-19,100.0,104.86000061035156,99.91000366210938,103.66000366210938,103.66000366210938,12768100,PYPL,93.43243,90.70999908447266,0.0,12.950004577636719
2022-04-21,96.13500213623047,97.61000061035156,88.80999755859375,89.4000015258789,89.4000015258789,27204100,PYPL,86.03896,85.43000030517578,0.0,3.970001220703125
2022-04-22,89.29499816894531,90.25,85.9800033569336,86.02999877929688,86.02999877929688,21053000,PYPL,81.93374,81.68000030517578,0.0,4.349998474121094
2022-04-27,83.56999969482422,86.6050033569336,82.12000274658203,82.61000061035156,82.61000061035156,24669800,PYPL,76.61575,75.16999816894531,0.0,7.44000244140625
2022-05-10,81.70999908447266,82.2699966430664,76.12999725341797,78.75,78.75,21126300,PYPL,78.779366,78.6500015258789,-0.09999847412109375,0.0
2022-05-18,78.5999984741211,79.93800354003906,76.7699966430664,77.18000030517578,77.18000030517578,15955300,PYPL,80.36678,88.31999969482422,11.139999389648438,0.0
2022-05-20,83.70999908447266,83.7699966430664,77.55999755859375,80.54000091552734,80.54000091552734,16887400,PYPL,82.22352,86.80999755859375,6.269996643066406,0.0
2022-06-16,73.33000183105469,74.06500244140625,70.70999908447266,71.2300033569336,71.2300033569336,14404300,PYPL,69.24482,71.4000015258789,0.0,-0.1699981689453125
2022-06-22,71.87000274658203,74.57499694824219,71.37899780273438,72.97000122070312,72.97000122070312,13575700,PYPL,69.815895,75.04000091552734,0.0,-2.0699996948242188
2022-06-27,77.98999786376953,78.44999694824219,75.31999969482422,75.94000244140625,75.94000244140625,11657200,PYPL,73.05188,71.43000030517578,0.0,4.510002136230469
2022-06-30,70.81999969482422,70.88999938964844,67.58000183105469,69.83999633789062,69.83999633789062,14264700,PYPL,72.30934,73.91000366210938,4.07000732421875,0.0
2022-07-01,69.83999633789062,71.69999694824219,69.66000366210938,71.4000015258789,71.4000015258789,9727300,PYPL,71.470856,74.12999725341797,2.7299957275390625,0.0
2022-07-20,76.87999725341797,80.30999755859375,76.8499984741211,80.23999786376953,80.23999786376953,13929300,PYPL,76.697075,97.91999816894531,0.0,-17.68000030517578
2022-07-26,80.02999877929688,80.22000122070312,76.70999908447266,77.04000091552734,77.04000091552734,13245400,PYPL,82.07734,94.4800033569336,17.44000244140625,0.0
2022-07-27,83.0999984741211,87.0199966430664,81.36000061035156,86.41999816894531,86.41999816894531,30554900,PYPL,80.50013,98.91000366210938,0.0,-12.490005493164062
2022-08-02,87.11000061035156,90.66999816894531,86.91000366210938,89.62999725341797,89.62999725341797,19673900,PYPL,86.48553,102.08000183105469,0.0,-12.450004577636719
2022-08-12,100.5479965209961,101.77999877929688,100.01000213623047,101.0999984741211,101.0999984741211,12320900,PYPL,97.08369,92.69999694824219,0.0,8.400001525878906
2022-08-15,100.72000122070312,102.22000122070312,100.47000122070312,101.51000213623047,101.51000213623047,10125600,PYPL,98.890976,92.66000366210938,0.0,8.849998474121094
2022-08-16,102.56999969482422,103.02999877929688,100.16000366210938,102.08000183105469,102.08000183105469,14123800,PYPL,99.93041,91.80000305175781,0.0,10.279998779296875
2022-08-24,93.12000274658203,95.7699966430664,93.0199966430664,93.76000213623047,93.76000213623047,8957700,PYPL,95.36447,96.16999816894531,2.4099960327148438,0.0
2022-09-06,91.16000366210938,92.20700073242188,89.81099700927734,91.61499786376953,91.61499786376953,9198900,PYPL,93.92618,91.62999725341795,0.01499938964842329,0.0
2022-09-15,95.0999984741211,98.9800033569336,95.0199966430664,96.4000015258789,96.4000015258789,15043100,PYPL,93.90917,88.69999694824219,0.0,7.700004577636719
2022-09-23,86.91999816894531,87.62999725341797,85.68000030517578,86.97000122070312,86.97000122070312,12175900,PYPL,84.804726,90.16999816894531,0.0,-3.1999969482421875
2022-09-27,85.3499984741211,87.69499969482422,84.58000183105469,85.75,85.75,11627600,PYPL,81.83351,83.08999633789062,0.0,2.660003662109375
2022-10-04,89.55000305175781,93.0,89.5,92.79000091552734,92.79000091552734,11239500,PYPL,88.28778,85.29000091552734,0.0,7.5
2022-11-02,83.11000061035156,84.22000122070312,79.38999938964844,79.44999694824219,79.44999694824219,13037400,PYPL,83.88197,87.04000091552733,7.590003967285142,0.0
2022-11-11,86.5199966430664,92.0,86.45999908447266,91.02999877929688,91.02999877929688,19916700,PYPL,84.239784,79.93000030517578,0.0,11.099998474121094
2022-11-15,92.48999786376953,92.62000274658203,89.27999877929688,89.86000061035156,89.86000061035156,14515700,PYPL,91.43,78.41000366210938,-11.449996948242188,0.0
2022-11-17,84.61499786376953,87.33999633789062,83.51000213623047,85.63999938964844,85.63999938964844,11250100,PYPL,90.28417,74.66000366210938,-10.979995727539062,0.0
2022-11-25,80.5999984741211,80.75,79.41600036621094,80.08000183105469,80.08000183105469,4634500,PYPL,81.26735,73.56999969482422,-6.510002136230469,0.0
2022-11-28,79.93000030517578,82.91999816894531,79.63999938964844,79.93000030517578,79.93000030517578,11282600,PYPL,81.38409,73.80000305175781,-6.129997253417969,0.0
2022-12-13,77.04000091552734,77.80999755859375,73.0999984741211,73.69999694824219,73.69999694824219,20069600,PYPL,75.54284,67.55000305175781,-6.149993896484375,0.0
2022-12-21,68.80999755859375,70.19000244140625,68.06999969482422,69.20999908447266,69.20999908447266,13861600,PYPL,69.87653,76.4800033569336,7.2700042724609375,0.0
2023-01-04,76.11000061035156,78.4800033569336,75.43000030517578,77.69000244140625,77.69000244140625,19144700,PYPL,72.28785,76.75,0.0,0.94000244140625
2023-01-10,76.9000015258789,78.0199966430664,76.5,77.91999816894531,77.91999816894531,10436000,PYPL,79.05194,79.0999984741211,1.1800003051757812,0.0
2023-01-11,78.66999816894531,79.19000244140625,77.81999969482422,78.54000091552734,78.54000091552734,10640400,PYPL,79.77245,80.80999755859375,2.2699966430664062,0.0
2023-01-12,79.01000213623047,80.30000305175781,77.0999984741211,79.77999877929688,79.77999877929688,9381900,PYPL,80.414894,81.83000183105469,2.0500030517578125,0.0
2023-01-19,76.26100158691406,77.41999816894531,75.95999908447266,76.75,76.75,10023400,PYPL,79.03944,86.95999908447266,10.209999084472656,0.0
2023-01-26,80.08000183105469,80.9000015258789,78.55599975585938,80.80999755859375,80.80999755859375,10566000,PYPL,79.16132,78.41999816894531,0.0,2.3899993896484375
2023-02-06,83.33000183105469,83.80000305175781,82.13500213623047,82.33000183105469,82.33000183105469,14175900,PYPL,82.99085,75.23999786376953,-7.090003967285156,0.0
2023-02-21,73.70999908447266,75.56999969482422,73.68199920654297,75.23999786376953,75.23999786376953,14537400,PYPL,75.33247,74.91000366210938,-0.32999420166015625,0.0
2023-02-27,74.31999969482422,74.56500244140625,73.45999908447266,73.7699966430664,73.7699966430664,8579300,PYPL,75.618614,72.61000061035156,-1.1599960327148438,0.0
2023-03-02,72.6240005493164,74.37000274658203,72.5999984741211,74.0999984741211,74.0999984741211,7729100,PYPL,76.14184,74.3499984741211,0.25,0.0
2023-03-03,74.16000366210938,76.31999969482422,74.08999633789062,76.29000091552734,76.29000091552734,10040000,PYPL,76.601006,72.98999786376953,-3.3000030517578125,0.0
2023-03-08,75.16000366210938,76.19999694824219,74.3499984741211,75.83999633789062,75.83999633789062,9467900,PYPL,78.564255,74.33999633789062,-1.5,0.0
2023-03-13,72.62200164794922,73.97000122070312,71.08599853515625,72.61000061035156,72.61000061035156,14049000,PYPL,75.51228,73.30000305175781,0.69000244140625,0.0
2023-03-22,76.86000061035156,77.11499786376953,74.23999786376953,74.33999633789062,74.33999633789062,11641300,PYPL,74.6087,73.61000061035156,-0.7299957275390625,0.0
2023-03-29,73.20999908447266,74.30000305175781,73.0,74.18000030517578,74.18000030517578,8746700,PYPL,74.27199,75.5199966430664,1.339996337890625,0.0
2023-04-14,75.19999694824219,76.73500061035156,75.1500015258789,76.52999877929688,76.52999877929688,8902700,PYPL,75.55555,76.0,0.0,0.529998779296875
2023-04-19,75.30000305175781,75.94000244140625,74.0999984741211,75.31999969482422,75.31999969482422,8888300,PYPL,77.962524,71.43000030517578,-3.8899993896484375,0.0
2023-05-03,72.41000366210938,72.98999786376953,71.3499984741211,71.43000030517578,71.43000030517578,11865700,PYPL,73.52015,61.45999908447266,-9.970001220703118,0.0
2023-05-08,75.70999908447266,76.37999725341797,74.91500091552734,75.5199966430664,75.5199966430664,22864000,PYPL,72.06814,63.029998779296875,0.0,12.489997863769531
2023-05-17,61.150001525878906,61.720001220703125,60.400001525878906,61.459999084472656,61.459999084472656,19938700,PYPL,67.45356,63.04999923706055,1.5900001525878906,0.0
2023-05-22,60.95000076293945,63.150001525878906,60.650001525878906,63.029998779296875,63.029998779296875,20220600,PYPL,64.958084,65.0199966430664,1.9899978637695312,0.0
2023-05-24,61.650001525878906,62.21500015258789,61.22999954223633,61.79999923706055,61.79999923706055,14790300,PYPL,64.865395,64.23999786376953,2.4399986267089844,0.0
2023-05-26,59.5,60.606998443603516,58.95000076293945,60.220001220703125,60.220001220703125,20632500,PYPL,62.024323,63.72999954223633,3.509998321533203,0.0
2023-06-05,64.06999969482422,64.9800033569336,63.505001068115234,64.51000213623047,64.51000213623047,13498300,PYPL,67.589455,68.88999938964844,4.379997253417969,0.0
2023-06-14,64.13999938964844,65.0999984741211,63.025001525878906,63.599998474121094,63.599998474121094,24028100,PYPL,64.82464,65.86000061035156,2.2600021362304688,0.0
2023-06-30,66.08999633789062,66.9749984741211,65.75,66.7300033569336,66.7300033569336,16894000,PYPL,66.63407,73.48999786376953,0.0,-6.7599945068359375
2023-07-06,67.70999908447266,67.8499984741211,65.62999725341797,66.13999938964844,66.13999938964844,17447500,PYPL,66.43658,73.0199966430664,6.879997253417969,0.0
2023-07-11,69.63999938964844,70.7300033569336,69.41000366210938,70.62000274658203,70.62000274658203,14799000,PYPL,66.98603,72.95999908447266,0.0,-2.339996337890625
2023-07-21,72.7300033569336,73.62000274658203,71.83000183105469,72.98999786376953,72.98999786376953,25508500,PYPL,72.194046,62.75,0.0,10.239997863769531
